Problem,IMSA
pressure_vessel,6064.06 ± 10.787
spring,0.0127247 ± 9.18176e-05
welded_beam,1.80278 ± 0.0900034
gear_train,2.45092e-11 ± 4.4112e-11
